unique_id,bildirimsiz_sum
2024-02-01-izmir-aliaga,7
2024-02-01-izmir-bayindir,13
2024-02-01-izmir-bayrakli,43
2024-02-01-izmir-bergama,50
2024-02-01-izmir-bornova,39
2024-02-01-izmir-buca,37
2024-02-01-izmir-cesme,35
2024-02-01-izmir-cigli,38
2024-02-01-izmir-dikili,38
2024-02-01-izmir-foca,32
2024-02-01-izmir-gaziemir,51
2024-02-01-izmir-guzelbahce,50
2024-02-01-izmir-karabaglar,50
2024-02-01-izmir-karaburun,55
2024-02-01-izmir-karsiyaka,58
2024-02-01-izmir-kemalpasa,61
2024-02-01-izmir-kinik,62
2024-02-01-izmir-kiraz,63
2024-02-01-izmir-konak,65
2024-02-01-izmir-menderes,67
2024-02-01-izmir-menemen,70
2024-02-01-izmir-odemis,65
2024-02-01-izmir-seferihisar,60
2024-02-01-izmir-tire,62
2024-02-01-izmir-torbali,63
2024-02-01-izmir-urla,63
2024-02-01-manisa-akhisar,66
2024-02-01-manisa-alasehir,66
2024-02-01-manisa-demirci,69
2024-02-01-manisa-golmarmara,1
2024-02-01-manisa-gordes,6
2024-02-01-manisa-kirkagac,28
2024-02-01-manisa-koprubasi,53
2024-02-01-manisa-salihli,41
2024-02-01-manisa-sarigol,32
2024-02-01-manisa-saruhanli,40
2024-02-01-manisa-sehzadeler,40
2024-02-01-manisa-selendi,34
2024-02-01-manisa-soma,37
2024-02-01-manisa-turgutlu,37
2024-02-01-manisa-yunusemre,40
2024-02-01-izmir-balcova,51
2024-02-01-izmir-beydag,54
2024-02-01-izmir-narlidere,63
2024-02-01-izmir-selcuk,67
2024-02-01-manisa-kula,63
2024-02-01-manisa-ahmetli,68
2024-02-02-izmir-aliaga,64
2024-02-02-izmir-bayindir,67
2024-02-02-izmir-bayrakli,63
2024-02-02-izmir-bergama,60
2024-02-02-izmir-bornova,63
2024-02-02-izmir-buca,64
2024-02-02-izmir-cesme,67
2024-02-02-izmir-cigli,70
2024-02-02-izmir-dikili,57
2024-02-02-izmir-foca,70
2024-02-02-izmir-gaziemir,68
2024-02-02-izmir-guzelbahce,1
2024-02-02-izmir-karabaglar,6
2024-02-02-izmir-karaburun,24
2024-02-02-izmir-karsiyaka,49
2024-02-02-izmir-kemalpasa,37
2024-02-02-izmir-kinik,45
2024-02-02-izmir-kiraz,42
2024-02-02-izmir-konak,44
2024-02-02-izmir-menderes,40
2024-02-02-izmir-menemen,38
2024-02-02-izmir-odemis,49
2024-02-02-izmir-seferihisar,55
2024-02-02-izmir-tire,53
2024-02-02-izmir-torbali,57
2024-02-02-izmir-urla,67
2024-02-02-manisa-akhisar,69
2024-02-02-manisa-alasehir,61
2024-02-02-manisa-demirci,71
2024-02-02-manisa-golmarmara,60
2024-02-02-manisa-gordes,57
2024-02-02-manisa-kirkagac,59
2024-02-02-manisa-koprubasi,60
2024-02-02-manisa-salihli,63
2024-02-02-manisa-sarigol,56
2024-02-02-manisa-saruhanli,62
2024-02-02-manisa-sehzadeler,71
2024-02-02-manisa-selendi,57
2024-02-02-manisa-soma,60
2024-02-02-manisa-turgutlu,74
2024-02-02-manisa-yunusemre,4
2024-02-02-izmir-balcova,10
2024-02-02-izmir-beydag,44
2024-02-02-izmir-narlidere,50
2024-02-02-izmir-selcuk,44
2024-02-02-manisa-kula,38
2024-02-02-manisa-ahmetli,35
2024-02-03-izmir-aliaga,37
2024-02-03-izmir-bayindir,36
2024-02-03-izmir-bayrakli,32
2024-02-03-izmir-bergama,40
2024-02-03-izmir-bornova,46
2024-02-03-izmir-buca,49
2024-02-03-izmir-cesme,49
2024-02-03-izmir-cigli,65
2024-02-03-izmir-dikili,66
2024-02-03-izmir-foca,63
2024-02-03-izmir-gaziemir,71
2024-02-03-izmir-guzelbahce,59
2024-02-03-izmir-karabaglar,65
2024-02-03-izmir-karaburun,68
2024-02-03-izmir-karsiyaka,65
2024-02-03-izmir-kemalpasa,63
2024-02-03-izmir-kinik,62
2024-02-03-izmir-kiraz,68
2024-02-03-izmir-konak,65
2024-02-03-izmir-menderes,57
2024-02-03-izmir-menemen,65
2024-02-03-izmir-odemis,76
2024-02-03-izmir-seferihisar,10
2024-02-03-izmir-tire,21
2024-02-03-izmir-torbali,45
2024-02-03-izmir-urla,46
2024-02-03-manisa-akhisar,37
2024-02-03-manisa-alasehir,37
2024-02-03-manisa-demirci,34
2024-02-03-manisa-golmarmara,37
2024-02-03-manisa-gordes,35
2024-02-03-manisa-kirkagac,31
2024-02-03-manisa-koprubasi,45
2024-02-03-manisa-salihli,50
2024-02-03-manisa-sarigol,46
2024-02-03-manisa-saruhanli,58
2024-02-03-manisa-sehzadeler,56
2024-02-03-manisa-selendi,69
2024-02-03-manisa-soma,63
2024-02-03-manisa-turgutlu,64
2024-02-03-manisa-yunusemre,65
2024-02-03-izmir-balcova,70
2024-02-03-izmir-beydag,67
2024-02-03-izmir-narlidere,64
2024-02-03-izmir-selcuk,59
2024-02-03-manisa-kula,65
2024-02-03-manisa-ahmetli,66
2024-02-04-izmir-aliaga,76
2024-02-04-izmir-bayindir,62
2024-02-04-izmir-bayrakli,63
2024-02-04-izmir-bergama,59
2024-02-04-izmir-bornova,1
2024-02-04-izmir-buca,6
2024-02-04-izmir-cesme,30
2024-02-04-izmir-cigli,43
2024-02-04-izmir-dikili,35
2024-02-04-izmir-foca,37
2024-02-04-izmir-gaziemir,42
2024-02-04-izmir-guzelbahce,41
2024-02-04-izmir-karabaglar,36
2024-02-04-izmir-karaburun,37
2024-02-04-izmir-karsiyaka,44
2024-02-04-izmir-kemalpasa,46
2024-02-04-izmir-kinik,47
2024-02-04-izmir-kiraz,42
2024-02-04-izmir-konak,68
2024-02-04-izmir-menderes,65
2024-02-04-izmir-menemen,69
2024-02-04-izmir-odemis,70
2024-02-04-izmir-seferihisar,61
2024-02-04-izmir-tire,60
2024-02-04-izmir-torbali,54
2024-02-04-izmir-urla,56
2024-02-04-manisa-akhisar,57
2024-02-04-manisa-alasehir,53
2024-02-04-manisa-demirci,57
2024-02-04-manisa-golmarmara,69
2024-02-04-manisa-gordes,55
2024-02-04-manisa-kirkagac,61
2024-02-04-manisa-koprubasi,63
2024-02-04-manisa-salihli,21
2024-02-04-manisa-sarigol,27
2024-02-04-manisa-saruhanli,47
2024-02-04-manisa-sehzadeler,47
2024-02-04-manisa-selendi,44
2024-02-04-manisa-soma,38
2024-02-04-manisa-turgutlu,36
2024-02-04-manisa-yunusemre,38
2024-02-04-izmir-balcova,33
2024-02-04-izmir-beydag,34
2024-02-04-izmir-narlidere,33
2024-02-04-izmir-selcuk,46
2024-02-04-manisa-kula,45
2024-02-04-manisa-ahmetli,52
2024-02-05-izmir-aliaga,60
2024-02-05-izmir-bayindir,61
2024-02-05-izmir-bayrakli,61
2024-02-05-izmir-bergama,64
2024-02-05-izmir-bornova,66
2024-02-05-izmir-buca,64
2024-02-05-izmir-cesme,62
2024-02-05-izmir-cigli,66
2024-02-05-izmir-dikili,54
2024-02-05-izmir-foca,61
2024-02-05-izmir-gaziemir,61
2024-02-05-izmir-guzelbahce,66
2024-02-05-izmir-karabaglar,60
2024-02-05-izmir-karaburun,61
2024-02-05-izmir-karsiyaka,69
2024-02-05-izmir-kemalpasa,5
2024-02-05-izmir-kinik,9
2024-02-05-izmir-kiraz,41
2024-02-05-izmir-konak,47
2024-02-05-izmir-menderes,39
2024-02-05-izmir-menemen,40
2024-02-05-izmir-odemis,36
2024-02-05-izmir-seferihisar,37
2024-02-05-izmir-tire,35
2024-02-05-izmir-torbali,33
2024-02-05-izmir-urla,31
2024-02-05-manisa-akhisar,40
2024-02-05-manisa-alasehir,48
2024-02-05-manisa-demirci,56
2024-02-05-manisa-golmarmara,62
2024-02-05-manisa-gordes,63
2024-02-05-manisa-kirkagac,63
2024-02-05-manisa-koprubasi,68
2024-02-05-manisa-salihli,55
2024-02-05-manisa-sarigol,55
2024-02-05-manisa-saruhanli,61
2024-02-05-manisa-sehzadeler,60
2024-02-05-manisa-selendi,69
2024-02-05-manisa-soma,60
2024-02-05-manisa-turgutlu,70
2024-02-05-manisa-yunusemre,65
2024-02-05-izmir-balcova,62
2024-02-05-izmir-beydag,61
2024-02-05-izmir-narlidere,63
2024-02-05-izmir-selcuk,9
2024-02-05-manisa-kula,15
2024-02-05-manisa-ahmetli,42
2024-02-06-izmir-aliaga,44
2024-02-06-izmir-bayindir,41
2024-02-06-izmir-bayrakli,35
2024-02-06-izmir-bergama,37
2024-02-06-izmir-bornova,39
2024-02-06-izmir-buca,37
2024-02-06-izmir-cesme,20
2024-02-06-izmir-cigli,31
2024-02-06-izmir-dikili,47
2024-02-06-izmir-foca,47
2024-02-06-izmir-gaziemir,52
2024-02-06-izmir-guzelbahce,54
2024-02-06-izmir-karabaglar,52
2024-02-06-izmir-karaburun,58
2024-02-06-izmir-karsiyaka,70
2024-02-06-izmir-kemalpasa,57
2024-02-06-izmir-kinik,58
2024-02-06-izmir-kiraz,64
2024-02-06-izmir-konak,68
2024-02-06-izmir-menderes,54
2024-02-06-izmir-menemen,58
2024-02-06-izmir-odemis,63
2024-02-06-izmir-seferihisar,57
2024-02-06-izmir-tire,65
2024-02-06-izmir-torbali,69
2024-02-06-izmir-urla,67
2024-02-06-manisa-akhisar,3
2024-02-06-manisa-alasehir,11
2024-02-06-manisa-demirci,33
2024-02-06-manisa-golmarmara,54
2024-02-06-manisa-gordes,40
2024-02-06-manisa-kirkagac,33
2024-02-06-manisa-koprubasi,37
2024-02-06-manisa-salihli,35
2024-02-06-manisa-sarigol,34
2024-02-06-manisa-saruhanli,31
2024-02-06-manisa-sehzadeler,37
2024-02-06-manisa-selendi,36
2024-02-06-manisa-soma,49
2024-02-06-manisa-turgutlu,55
2024-02-06-manisa-yunusemre,65
2024-02-06-izmir-balcova,66
2024-02-06-izmir-beydag,60
2024-02-06-izmir-narlidere,69
2024-02-06-izmir-selcuk,54
2024-02-06-manisa-kula,60
2024-02-06-manisa-ahmetli,62
2024-02-07-izmir-aliaga,63
2024-02-07-izmir-bayindir,61
2024-02-07-izmir-bayrakli,62
2024-02-07-izmir-bergama,63
2024-02-07-izmir-bornova,70
2024-02-07-izmir-buca,64
2024-02-07-izmir-cesme,63
2024-02-07-izmir-cigli,71
2024-02-07-izmir-dikili,3
2024-02-07-izmir-foca,7
2024-02-07-izmir-gaziemir,34
2024-02-07-izmir-guzelbahce,53
2024-02-07-izmir-karabaglar,37
2024-02-07-izmir-karaburun,38
2024-02-07-izmir-karsiyaka,36
2024-02-07-izmir-kemalpasa,38
2024-02-07-izmir-kinik,31
2024-02-07-izmir-kiraz,35
2024-02-07-izmir-konak,43
2024-02-07-izmir-menderes,47
2024-02-07-izmir-menemen,57
2024-02-07-izmir-odemis,57
2024-02-07-izmir-seferihisar,68
2024-02-07-izmir-tire,69
2024-02-07-izmir-torbali,66
2024-02-07-izmir-urla,69
2024-02-07-manisa-akhisar,64
2024-02-07-manisa-alasehir,67
2024-02-07-manisa-demirci,61
2024-02-07-manisa-golmarmara,66
2024-02-07-manisa-gordes,69
2024-02-07-manisa-kirkagac,62
2024-02-07-manisa-koprubasi,66
2024-02-07-manisa-salihli,72
2024-02-07-manisa-sarigol,63
2024-02-07-manisa-saruhanli,68
2024-02-07-manisa-sehzadeler,68
2024-02-07-manisa-selendi,3
2024-02-07-manisa-soma,10
2024-02-07-manisa-turgutlu,35
2024-02-07-manisa-yunusemre,52
2024-02-07-izmir-balcova,34
2024-02-07-izmir-beydag,35
2024-02-07-izmir-narlidere,34
2024-02-07-izmir-selcuk,32
2024-02-07-manisa-kula,34
2024-02-07-manisa-ahmetli,36
2024-02-08-izmir-aliaga,31
2024-02-08-izmir-bayindir,48
2024-02-08-izmir-bayrakli,49
2024-02-08-izmir-bergama,47
2024-02-08-izmir-bornova,63
2024-02-08-izmir-buca,64
2024-02-08-izmir-cesme,61
2024-02-08-izmir-cigli,70
2024-02-08-izmir-dikili,54
2024-02-08-izmir-foca,64
2024-02-08-izmir-gaziemir,65
2024-02-08-izmir-guzelbahce,64
2024-02-08-izmir-karabaglar,59
2024-02-08-izmir-karaburun,63
2024-02-08-izmir-karsiyaka,58
2024-02-08-izmir-kemalpasa,71
2024-02-08-izmir-kinik,60
2024-02-08-izmir-kiraz,70
2024-02-08-izmir-konak,69
2024-02-08-izmir-menderes,0
2024-02-08-izmir-menemen,9
2024-02-08-izmir-odemis,25
2024-02-08-izmir-seferihisar,42
2024-02-08-izmir-tire,34
2024-02-08-izmir-torbali,36
2024-02-08-izmir-urla,38
2024-02-08-manisa-akhisar,36
2024-02-08-manisa-alasehir,34
2024-02-08-manisa-demirci,34
2024-02-08-manisa-golmarmara,37
2024-02-08-manisa-gordes,49
2024-02-08-manisa-kirkagac,49
2024-02-08-manisa-koprubasi,54
2024-02-08-manisa-salihli,67
2024-02-08-manisa-sarigol,65
2024-02-08-manisa-saruhanli,64
2024-02-08-manisa-sehzadeler,65
2024-02-08-manisa-selendi,69
2024-02-08-manisa-soma,59
2024-02-08-manisa-turgutlu,64
2024-02-08-manisa-yunusemre,59
2024-02-08-izmir-balcova,62
2024-02-08-izmir-beydag,61
2024-02-08-izmir-narlidere,61
2024-02-08-izmir-selcuk,69
2024-02-08-manisa-kula,55
2024-02-08-manisa-ahmetli,66
2024-02-09-izmir-aliaga,61
2024-02-09-izmir-bayindir,3
2024-02-09-izmir-bayrakli,9
2024-02-09-izmir-bergama,29
2024-02-09-izmir-bornova,55
2024-02-09-izmir-buca,42
2024-02-09-izmir-cesme,33
2024-02-09-izmir-cigli,39
2024-02-09-izmir-dikili,37
2024-02-09-izmir-foca,32
2024-02-09-izmir-gaziemir,33
2024-02-09-izmir-guzelbahce,47
2024-02-09-izmir-karabaglar,45
2024-02-09-izmir-karaburun,49
2024-02-09-izmir-karsiyaka,59
2024-02-09-izmir-kemalpasa,54
2024-02-09-izmir-kinik,54
2024-02-09-izmir-kiraz,59
2024-02-09-izmir-konak,70
2024-02-09-izmir-menderes,68
2024-02-09-izmir-menemen,67
2024-02-09-izmir-odemis,63
2024-02-09-izmir-seferihisar,64
2024-02-09-izmir-tire,64
2024-02-09-izmir-torbali,61
2024-02-09-izmir-urla,63
2024-02-09-manisa-akhisar,69
2024-02-09-manisa-alasehir,58
2024-02-09-manisa-demirci,64
2024-02-09-manisa-golmarmara,72
2024-02-09-manisa-gordes,4
2024-02-09-manisa-kirkagac,10
2024-02-09-manisa-koprubasi,32
2024-02-09-manisa-salihli,48
2024-02-09-manisa-sarigol,40
2024-02-09-manisa-saruhanli,35
2024-02-09-manisa-sehzadeler,39
2024-02-09-manisa-selendi,37
2024-02-09-manisa-soma,37
2024-02-09-manisa-turgutlu,37
2024-02-09-manisa-yunusemre,39
2024-02-09-izmir-balcova,41
2024-02-09-izmir-beydag,49
2024-02-09-izmir-narlidere,53
2024-02-09-izmir-selcuk,62
2024-02-09-manisa-kula,62
2024-02-09-manisa-ahmetli,63
2024-02-10-izmir-aliaga,66
2024-02-10-izmir-bayindir,58
2024-02-10-izmir-bayrakli,55
2024-02-10-izmir-bergama,65
2024-02-10-izmir-bornova,61
2024-02-10-izmir-buca,64
2024-02-10-izmir-cesme,59
2024-02-10-izmir-cigli,62
2024-02-10-izmir-dikili,72
2024-02-10-izmir-foca,56
2024-02-10-izmir-gaziemir,67
2024-02-10-izmir-guzelbahce,69
2024-02-10-izmir-karabaglar,7
2024-02-10-izmir-karaburun,19
2024-02-10-izmir-karsiyaka,45
2024-02-10-izmir-kemalpasa,45
2024-02-10-izmir-kinik,39
2024-02-10-izmir-kiraz,36
2024-02-10-izmir-konak,40
2024-02-10-izmir-menderes,36
2024-02-10-izmir-menemen,30
2024-02-10-izmir-odemis,33
2024-02-10-izmir-seferihisar,45
2024-02-10-izmir-tire,49
2024-02-10-izmir-torbali,47
2024-02-10-izmir-urla,53
2024-02-10-manisa-akhisar,62
2024-02-10-manisa-alasehir,64
2024-02-10-manisa-demirci,59
2024-02-10-manisa-golmarmara,70
2024-02-10-manisa-gordes,57
2024-02-10-manisa-kirkagac,67
2024-02-10-manisa-koprubasi,67
2024-02-10-manisa-salihli,69
2024-02-10-manisa-sarigol,62
2024-02-10-manisa-saruhanli,59
2024-02-10-manisa-sehzadeler,57
2024-02-10-manisa-selendi,61
2024-02-10-manisa-soma,60
2024-02-10-manisa-turgutlu,65
2024-02-10-manisa-yunusemre,68
2024-02-10-izmir-balcova,5
2024-02-10-izmir-beydag,10
2024-02-10-izmir-narlidere,41
2024-02-10-izmir-selcuk,50
2024-02-10-manisa-kula,44
2024-02-10-manisa-ahmetli,34
2024-02-11-izmir-aliaga,39
2024-02-11-izmir-bayindir,41
2024-02-11-izmir-bayrakli,37
2024-02-11-izmir-bergama,31
2024-02-11-izmir-bornova,39
2024-02-11-izmir-buca,44
2024-02-11-izmir-cesme,48
2024-02-11-izmir-cigli,58
2024-02-11-izmir-dikili,66
2024-02-11-izmir-foca,65
2024-02-11-izmir-gaziemir,66
2024-02-11-izmir-guzelbahce,71
2024-02-11-izmir-karabaglar,57
2024-02-11-izmir-karaburun,56
2024-02-11-izmir-karsiyaka,61
2024-02-11-izmir-kemalpasa,60
2024-02-11-izmir-kinik,72
2024-02-11-izmir-kiraz,62
2024-02-11-izmir-konak,66
2024-02-11-izmir-menderes,67
2024-02-11-izmir-menemen,52
2024-02-11-izmir-odemis,60
2024-02-11-izmir-seferihisar,72
2024-02-11-izmir-tire,4
2024-02-11-izmir-torbali,7
2024-02-11-izmir-urla,42
2024-02-11-manisa-akhisar,42
2024-02-11-manisa-alasehir,40
2024-02-11-manisa-demirci,34
2024-02-11-manisa-golmarmara,39
2024-02-11-manisa-gordes,41
2024-02-11-manisa-kirkagac,34
2024-02-11-manisa-koprubasi,36
2024-02-11-manisa-salihli,43
2024-02-11-manisa-sarigol,53
2024-02-11-manisa-saruhanli,44
2024-02-11-manisa-sehzadeler,54
2024-02-11-manisa-selendi,53
2024-02-11-manisa-soma,64
2024-02-11-manisa-turgutlu,67
2024-02-11-manisa-yunusemre,70
2024-02-11-izmir-balcova,69
2024-02-11-izmir-beydag,66
2024-02-11-izmir-narlidere,67
2024-02-11-izmir-selcuk,64
2024-02-11-manisa-kula,64
2024-02-11-manisa-ahmetli,53
2024-02-12-izmir-aliaga,54
2024-02-12-izmir-bayindir,63
2024-02-12-izmir-bayrakli,53
2024-02-12-izmir-bergama,57
2024-02-12-izmir-bornova,66
2024-02-12-izmir-buca,3
2024-02-12-izmir-cesme,8
2024-02-12-izmir-cigli,36
2024-02-12-izmir-dikili,49
2024-02-12-izmir-foca,40
2024-02-12-izmir-gaziemir,39
2024-02-12-izmir-guzelbahce,39
2024-02-12-izmir-karabaglar,40
2024-02-12-izmir-karaburun,33
2024-02-12-izmir-karsiyaka,32
2024-02-12-izmir-kemalpasa,44
2024-02-12-izmir-kinik,46
2024-02-12-izmir-kiraz,45
2024-02-12-izmir-konak,63
2024-02-12-izmir-menderes,57
2024-02-12-izmir-menemen,63
2024-02-12-izmir-odemis,66
2024-02-12-izmir-seferihisar,69
2024-02-12-izmir-tire,65
2024-02-12-izmir-torbali,62
2024-02-12-izmir-urla,61
2024-02-12-manisa-akhisar,59
2024-02-12-manisa-alasehir,60
2024-02-12-manisa-demirci,57
2024-02-12-manisa-golmarmara,56
2024-02-12-manisa-gordes,67
2024-02-12-manisa-kirkagac,65
2024-02-12-manisa-koprubasi,64
2024-02-12-manisa-salihli,70
2024-02-12-manisa-sarigol,11
2024-02-12-manisa-saruhanli,18
2024-02-12-manisa-sehzadeler,41
2024-02-12-manisa-selendi,47
2024-02-12-manisa-soma,47
2024-02-12-manisa-turgutlu,41
2024-02-12-manisa-yunusemre,44
2024-02-12-izmir-balcova,45
2024-02-12-izmir-beydag,35
2024-02-12-izmir-narlidere,38
2024-02-12-izmir-selcuk,50
2024-02-12-manisa-kula,48
2024-02-12-manisa-ahmetli,48
2024-02-13-izmir-aliaga,51
2024-02-13-izmir-bayindir,62
2024-02-13-izmir-bayrakli,65
2024-02-13-izmir-bergama,70
2024-02-13-izmir-bornova,72
2024-02-13-izmir-buca,54
2024-02-13-izmir-cesme,61
2024-02-13-izmir-cigli,60
2024-02-13-izmir-dikili,61
2024-02-13-izmir-foca,59
2024-02-13-izmir-gaziemir,59
2024-02-13-izmir-guzelbahce,56
2024-02-13-izmir-karabaglar,72
2024-02-13-izmir-karaburun,62
2024-02-13-izmir-karsiyaka,66
2024-02-13-izmir-kemalpasa,69
2024-02-13-izmir-kinik,12
2024-02-13-izmir-kiraz,17
2024-02-13-izmir-konak,43
2024-02-13-izmir-menderes,48
2024-02-13-izmir-menemen,39
2024-02-13-izmir-odemis,32
2024-02-13-izmir-seferihisar,39
2024-02-13-izmir-tire,43
2024-02-13-izmir-torbali,36
2024-02-13-izmir-urla,36
2024-02-13-manisa-akhisar,39
2024-02-13-manisa-alasehir,43
2024-02-13-manisa-demirci,48
2024-02-13-manisa-golmarmara,58
2024-02-13-manisa-gordes,66
2024-02-13-manisa-kirkagac,63
2024-02-13-manisa-koprubasi,60
2024-02-13-manisa-salihli,67
2024-02-13-manisa-sarigol,54
2024-02-13-manisa-saruhanli,56
2024-02-13-manisa-sehzadeler,64
2024-02-13-manisa-selendi,51
2024-02-13-manisa-soma,67
2024-02-13-manisa-turgutlu,60
2024-02-13-manisa-yunusemre,59
2024-02-13-izmir-balcova,70
2024-02-13-izmir-beydag,54
2024-02-13-izmir-narlidere,67
2024-02-13-izmir-selcuk,72
2024-02-13-manisa-kula,6
2024-02-13-manisa-ahmetli,9
2024-02-14-izmir-aliaga,29
2024-02-14-izmir-bayindir,43
2024-02-14-izmir-bayrakli,35
2024-02-14-izmir-bergama,37
2024-02-14-izmir-bornova,36
2024-02-14-izmir-buca,42
2024-02-14-izmir-cesme,33
2024-02-14-izmir-cigli,37
2024-02-14-izmir-dikili,45
2024-02-14-izmir-foca,49
2024-02-14-izmir-gaziemir,47
2024-02-14-izmir-guzelbahce,54
2024-02-14-izmir-karabaglar,66
2024-02-14-izmir-karaburun,68
2024-02-14-izmir-karsiyaka,59
2024-02-14-izmir-kemalpasa,65
2024-02-14-izmir-kinik,68
2024-02-14-izmir-kiraz,58
2024-02-14-izmir-konak,67
2024-02-14-izmir-menderes,56
2024-02-14-izmir-menemen,64
2024-02-14-izmir-odemis,58
2024-02-14-izmir-seferihisar,57
2024-02-14-izmir-tire,69
2024-02-14-izmir-torbali,54
2024-02-14-izmir-urla,64
2024-02-14-manisa-akhisar,65
2024-02-14-manisa-alasehir,5
2024-02-14-manisa-demirci,11
2024-02-14-manisa-golmarmara,46
2024-02-14-manisa-gordes,53
2024-02-14-manisa-kirkagac,40
2024-02-14-manisa-koprubasi,33
2024-02-14-manisa-salihli,39
2024-02-14-manisa-sarigol,41
2024-02-14-manisa-saruhanli,32
2024-02-14-manisa-sehzadeler,36
2024-02-14-manisa-selendi,37
2024-02-14-manisa-soma,51
2024-02-14-manisa-turgutlu,54
2024-02-14-manisa-yunusemre,53
2024-02-14-izmir-balcova,62
2024-02-14-izmir-beydag,64
2024-02-14-izmir-narlidere,64
2024-02-14-izmir-selcuk,62
2024-02-14-manisa-kula,58
2024-02-14-manisa-ahmetli,63
2024-02-15-izmir-aliaga,64
2024-02-15-izmir-bayindir,66
2024-02-15-izmir-bayrakli,69
2024-02-15-izmir-bergama,59
2024-02-15-izmir-bornova,61
2024-02-15-izmir-buca,65
2024-02-15-izmir-cesme,61
2024-02-15-izmir-cigli,66
2024-02-15-izmir-dikili,66
2024-02-15-izmir-foca,1
2024-02-15-izmir-gaziemir,9
2024-02-15-izmir-guzelbahce,27
2024-02-15-izmir-karabaglar,50
2024-02-15-izmir-karaburun,41
2024-02-15-izmir-karsiyaka,32
2024-02-15-izmir-kemalpasa,40
2024-02-15-izmir-kinik,40
2024-02-15-izmir-kiraz,34
2024-02-15-izmir-konak,36
2024-02-15-izmir-menderes,35
2024-02-15-izmir-menemen,44
2024-02-15-izmir-odemis,52
2024-02-15-izmir-seferihisar,52
2024-02-15-izmir-tire,66
2024-02-15-izmir-torbali,70
2024-02-15-izmir-urla,63
2024-02-15-manisa-akhisar,68
2024-02-15-manisa-alasehir,66
2024-02-15-manisa-demirci,65
2024-02-15-manisa-golmarmara,63
2024-02-15-manisa-gordes,60
2024-02-15-manisa-kirkagac,63
2024-02-15-manisa-koprubasi,59
2024-02-15-manisa-salihli,62
2024-02-15-manisa-sarigol,68
2024-02-15-manisa-saruhanli,57
2024-02-15-manisa-sehzadeler,66
2024-02-15-manisa-selendi,74
2024-02-15-manisa-soma,2
2024-02-15-manisa-turgutlu,9
2024-02-15-manisa-yunusemre,38
2024-02-15-izmir-balcova,48
2024-02-15-izmir-beydag,42
2024-02-15-izmir-narlidere,43
2024-02-15-izmir-selcuk,42
2024-02-15-manisa-kula,46
2024-02-15-manisa-ahmetli,42
2024-02-16-izmir-aliaga,41
2024-02-16-izmir-bayindir,51
2024-02-16-izmir-bayrakli,49
2024-02-16-izmir-bergama,51
2024-02-16-izmir-bornova,47
2024-02-16-izmir-buca,58
2024-02-16-izmir-cesme,54
2024-02-16-izmir-cigli,61
2024-02-16-izmir-dikili,64
2024-02-16-izmir-foca,55
2024-02-16-izmir-gaziemir,61
2024-02-16-izmir-guzelbahce,58
2024-02-16-izmir-karabaglar,63
2024-02-16-izmir-karaburun,57
2024-02-16-izmir-karsiyaka,58
2024-02-16-izmir-kemalpasa,62
2024-02-16-izmir-kinik,72
2024-02-16-izmir-kiraz,50
2024-02-16-izmir-konak,62
2024-02-16-izmir-menderes,60
2024-02-16-izmir-menemen,1
2024-02-16-izmir-odemis,8
2024-02-16-izmir-seferihisar,30
2024-02-16-izmir-tire,52
2024-02-16-izmir-torbali,41
2024-02-16-izmir-urla,39
2024-02-16-manisa-akhisar,40
2024-02-16-manisa-alasehir,37
2024-02-16-manisa-demirci,33
2024-02-16-manisa-golmarmara,35
2024-02-16-manisa-gordes,46
2024-02-16-manisa-kirkagac,49
2024-02-16-manisa-koprubasi,57
2024-02-16-manisa-salihli,56
2024-02-16-manisa-sarigol,53
2024-02-16-manisa-saruhanli,66
2024-02-16-manisa-sehzadeler,66
2024-02-16-manisa-selendi,71
2024-02-16-manisa-soma,67
2024-02-16-manisa-turgutlu,65
2024-02-16-manisa-yunusemre,57
2024-02-16-izmir-balcova,68
2024-02-16-izmir-beydag,56
2024-02-16-izmir-narlidere,62
2024-02-16-izmir-selcuk,69
2024-02-16-manisa-kula,71
2024-02-16-manisa-ahmetli,68
2024-02-17-izmir-aliaga,73
2024-02-17-izmir-bayindir,79
2024-02-17-izmir-bayrakli,0
2024-02-17-izmir-bergama,6
2024-02-17-izmir-bornova,26
2024-02-17-izmir-buca,46
2024-02-17-izmir-cesme,41
2024-02-17-izmir-cigli,36
2024-02-17-izmir-dikili,41
2024-02-17-izmir-foca,39
2024-02-17-izmir-gaziemir,34
2024-02-17-izmir-guzelbahce,35
2024-02-17-izmir-karabaglar,44
2024-02-17-izmir-karaburun,40
2024-02-17-izmir-karsiyaka,50
2024-02-17-izmir-kemalpasa,61
2024-02-17-izmir-kinik,66
2024-02-17-izmir-kiraz,73
2024-02-17-izmir-konak,70
2024-02-17-izmir-menderes,72
2024-02-17-izmir-menemen,62
2024-02-17-izmir-odemis,66
2024-02-17-izmir-seferihisar,59
2024-02-17-izmir-tire,60
2024-02-17-izmir-torbali,63
2024-02-17-izmir-urla,58
2024-02-17-manisa-akhisar,62
2024-02-17-manisa-alasehir,71
2024-02-17-manisa-demirci,66
2024-02-17-manisa-golmarmara,66
2024-02-17-manisa-gordes,72
2024-02-17-manisa-kirkagac,2
2024-02-17-manisa-koprubasi,7
2024-02-17-manisa-salihli,31
2024-02-17-manisa-sarigol,46
2024-02-17-manisa-saruhanli,36
2024-02-17-manisa-sehzadeler,39
2024-02-17-manisa-selendi,41
2024-02-17-manisa-soma,40
2024-02-17-manisa-turgutlu,32
2024-02-17-manisa-yunusemre,34
2024-02-17-izmir-balcova,47
2024-02-17-izmir-beydag,62
2024-02-17-izmir-narlidere,48
2024-02-17-izmir-selcuk,56
2024-02-17-manisa-kula,73
2024-02-17-manisa-ahmetli,72
2024-02-18-izmir-aliaga,69
2024-02-18-izmir-bayindir,70
2024-02-18-izmir-bayrakli,61
2024-02-18-izmir-bergama,53
2024-02-18-izmir-bornova,55
2024-02-18-izmir-buca,53
2024-02-18-izmir-cesme,65
2024-02-18-izmir-cigli,48
2024-02-18-izmir-dikili,52
2024-02-18-izmir-foca,72
2024-02-18-izmir-gaziemir,53
2024-02-18-izmir-guzelbahce,62
2024-02-18-izmir-karabaglar,63
2024-02-18-izmir-karaburun,5
2024-02-18-izmir-karsiyaka,11
2024-02-18-izmir-kemalpasa,30
2024-02-18-izmir-kinik,44
2024-02-18-izmir-kiraz,36
2024-02-18-izmir-konak,41
2024-02-18-izmir-menderes,44
2024-02-18-izmir-menemen,47
2024-02-18-izmir-odemis,42
2024-02-18-izmir-seferihisar,40
2024-02-18-izmir-tire,38
2024-02-18-izmir-torbali,61
2024-02-18-izmir-urla,50
2024-02-18-manisa-akhisar,51
2024-02-18-manisa-alasehir,60
2024-02-18-manisa-demirci,68
2024-02-18-manisa-golmarmara,66
2024-02-18-manisa-gordes,69
2024-02-18-manisa-kirkagac,60
2024-02-18-manisa-koprubasi,52
2024-02-18-manisa-salihli,60
2024-02-18-manisa-sarigol,57
2024-02-18-manisa-saruhanli,70
2024-02-18-manisa-sehzadeler,53
2024-02-18-manisa-selendi,53
2024-02-18-manisa-soma,70
2024-02-18-manisa-turgutlu,53
2024-02-18-manisa-yunusemre,68
2024-02-18-izmir-balcova,68
2024-02-18-izmir-beydag,3
2024-02-18-izmir-narlidere,13
2024-02-18-izmir-selcuk,41
2024-02-18-manisa-kula,44
2024-02-18-manisa-ahmetli,32
2024-02-19-izmir-aliaga,39
2024-02-19-izmir-bayindir,37
2024-02-19-izmir-bayrakli,40
2024-02-19-izmir-bergama,32
2024-02-19-izmir-bornova,34
2024-02-19-izmir-buca,38
2024-02-19-izmir-cesme,43
2024-02-19-izmir-cigli,49
2024-02-19-izmir-dikili,48
2024-02-19-izmir-foca,50
2024-02-19-izmir-gaziemir,60
2024-02-19-izmir-guzelbahce,63
2024-02-19-izmir-karabaglar,67
2024-02-19-izmir-karaburun,60
2024-02-19-izmir-karsiyaka,64
2024-02-19-izmir-kemalpasa,64
2024-02-19-izmir-kinik,66
2024-02-19-izmir-kiraz,59
2024-02-19-izmir-konak,56
2024-02-19-izmir-menderes,54
2024-02-19-izmir-menemen,62
2024-02-19-izmir-odemis,54
2024-02-19-izmir-seferihisar,71
2024-02-19-izmir-tire,68
2024-02-19-izmir-torbali,0
2024-02-19-izmir-urla,4
2024-02-19-manisa-akhisar,34
2024-02-19-manisa-alasehir,38
2024-02-19-manisa-demirci,41
2024-02-19-manisa-golmarmara,37
2024-02-19-manisa-gordes,42
2024-02-19-manisa-kirkagac,40
2024-02-19-manisa-koprubasi,32
2024-02-19-manisa-salihli,43
2024-02-19-manisa-sarigol,37
2024-02-19-manisa-saruhanli,43
2024-02-19-manisa-sehzadeler,47
2024-02-19-manisa-selendi,46
2024-02-19-manisa-soma,53
2024-02-19-manisa-turgutlu,56
2024-02-19-manisa-yunusemre,53
2024-02-19-izmir-balcova,63
2024-02-19-izmir-beydag,54
2024-02-19-izmir-narlidere,50
2024-02-19-izmir-selcuk,57
2024-02-19-manisa-kula,54
2024-02-19-manisa-ahmetli,59
2024-02-20-izmir-aliaga,58
2024-02-20-izmir-bayindir,61
2024-02-20-izmir-bayrakli,69
2024-02-20-izmir-bergama,62
2024-02-20-izmir-bornova,61
2024-02-20-izmir-buca,66
2024-02-20-izmir-cesme,4
2024-02-20-izmir-cigli,8
2024-02-20-izmir-dikili,41
2024-02-20-izmir-foca,44
2024-02-20-izmir-gaziemir,43
2024-02-20-izmir-guzelbahce,44
2024-02-20-izmir-karabaglar,42
2024-02-20-izmir-karaburun,42
2024-02-20-izmir-karsiyaka,34
2024-02-20-izmir-kemalpasa,35
2024-02-20-izmir-kinik,33
2024-02-20-izmir-kiraz,54
2024-02-20-izmir-konak,48
2024-02-20-izmir-menderes,58
2024-02-20-izmir-menemen,51
2024-02-20-izmir-odemis,64
2024-02-20-izmir-seferihisar,63
2024-02-20-izmir-tire,57
2024-02-20-izmir-torbali,68
2024-02-20-izmir-urla,61
2024-02-20-manisa-akhisar,65
2024-02-20-manisa-alasehir,59
2024-02-20-manisa-demirci,59
2024-02-20-manisa-golmarmara,52
2024-02-20-manisa-gordes,61
2024-02-20-manisa-kirkagac,67
2024-02-20-manisa-koprubasi,56
2024-02-20-manisa-salihli,65
2024-02-20-manisa-sarigol,63
2024-02-20-manisa-saruhanli,2
2024-02-20-manisa-sehzadeler,9
2024-02-20-manisa-selendi,33
2024-02-20-manisa-soma,46
2024-02-20-manisa-turgutlu,40
2024-02-20-manisa-yunusemre,45
2024-02-20-izmir-balcova,35
2024-02-20-izmir-beydag,41
2024-02-20-izmir-narlidere,36
2024-02-20-izmir-selcuk,40
2024-02-20-manisa-kula,34
2024-02-20-manisa-ahmetli,52
2024-02-21-izmir-aliaga,47
2024-02-21-izmir-bayindir,53
2024-02-21-izmir-bayrakli,60
2024-02-21-izmir-bergama,65
2024-02-21-izmir-bornova,56
2024-02-21-izmir-buca,64
2024-02-21-izmir-cesme,46
2024-02-21-izmir-cigli,51
2024-02-21-izmir-dikili,55
2024-02-21-izmir-foca,58
2024-02-21-izmir-gaziemir,58
2024-02-21-izmir-guzelbahce,53
2024-02-21-izmir-karabaglar,58
2024-02-21-izmir-karaburun,60
2024-02-21-izmir-karsiyaka,54
2024-02-21-izmir-kemalpasa,61
2024-02-21-izmir-kinik,59
2024-02-21-izmir-kiraz,0
2024-02-21-izmir-konak,9
2024-02-21-izmir-menderes,32
2024-02-21-izmir-menemen,36
2024-02-21-izmir-odemis,24
2024-02-21-izmir-seferihisar,40
2024-02-21-izmir-tire,42
2024-02-21-izmir-torbali,38
2024-02-21-izmir-urla,30
2024-02-21-manisa-akhisar,35
2024-02-21-manisa-alasehir,41
2024-02-21-manisa-demirci,67
2024-02-21-manisa-golmarmara,49
2024-02-21-manisa-gordes,44
2024-02-21-manisa-kirkagac,47
2024-02-21-manisa-koprubasi,64
2024-02-21-manisa-salihli,64
2024-02-21-manisa-sarigol,62
2024-02-21-manisa-saruhanli,61
2024-02-21-manisa-sehzadeler,55
2024-02-21-manisa-selendi,49
2024-02-21-manisa-soma,52
2024-02-21-manisa-turgutlu,57
2024-02-21-manisa-yunusemre,56
2024-02-21-izmir-balcova,64
2024-02-21-izmir-beydag,66
2024-02-21-izmir-narlidere,62
2024-02-21-izmir-selcuk,68
2024-02-21-manisa-kula,63
2024-02-21-manisa-ahmetli,0
2024-02-22-izmir-aliaga,6
2024-02-22-izmir-bayindir,24
2024-02-22-izmir-bayrakli,46
2024-02-22-izmir-bergama,43
2024-02-22-izmir-bornova,41
2024-02-22-izmir-buca,39
2024-02-22-izmir-cesme,44
2024-02-22-izmir-cigli,38
2024-02-22-izmir-dikili,36
2024-02-22-izmir-foca,37
2024-02-22-izmir-gaziemir,45
2024-02-22-izmir-guzelbahce,54
2024-02-22-izmir-karabaglar,51
2024-02-22-izmir-karaburun,60
2024-02-22-izmir-karsiyaka,63
2024-02-22-izmir-kemalpasa,57
2024-02-22-izmir-kinik,65
2024-02-22-izmir-kiraz,58
2024-02-22-izmir-konak,56
2024-02-22-izmir-menderes,59
2024-02-22-izmir-menemen,59
2024-02-22-izmir-odemis,67
2024-02-22-izmir-seferihisar,59
2024-02-22-izmir-tire,66
2024-02-22-izmir-torbali,67
2024-02-22-izmir-urla,61
2024-02-22-manisa-akhisar,64
2024-02-22-manisa-alasehir,61
2024-02-22-manisa-demirci,4
2024-02-22-manisa-golmarmara,8
2024-02-22-manisa-gordes,22
2024-02-22-manisa-kirkagac,41
2024-02-22-manisa-koprubasi,26
2024-02-22-manisa-salihli,42
2024-02-22-manisa-sarigol,41
2024-02-22-manisa-saruhanli,43
2024-02-22-manisa-sehzadeler,40
2024-02-22-manisa-selendi,39
2024-02-22-manisa-soma,47
2024-02-22-manisa-turgutlu,46
2024-02-22-manisa-yunusemre,50
2024-02-22-izmir-balcova,47
2024-02-22-izmir-beydag,51
2024-02-22-izmir-narlidere,61
2024-02-22-izmir-selcuk,63
2024-02-22-manisa-kula,64
2024-02-22-manisa-ahmetli,64
2024-02-23-izmir-aliaga,61
2024-02-23-izmir-bayindir,56
2024-02-23-izmir-bayrakli,58
2024-02-23-izmir-bergama,57
2024-02-23-izmir-bornova,53
2024-02-23-izmir-buca,60
2024-02-23-izmir-cesme,74
2024-02-23-izmir-cigli,62
2024-02-23-izmir-dikili,63
2024-02-23-izmir-foca,65
2024-02-23-izmir-gaziemir,1
2024-02-23-izmir-guzelbahce,9
2024-02-23-izmir-karabaglar,32
2024-02-23-izmir-karaburun,41
2024-02-23-izmir-karsiyaka,39
2024-02-23-izmir-kemalpasa,36
2024-02-23-izmir-kinik,39
2024-02-23-izmir-kiraz,41
2024-02-23-izmir-konak,37
2024-02-23-izmir-menderes,35
2024-02-23-izmir-menemen,34
2024-02-23-izmir-odemis,52
2024-02-23-izmir-seferihisar,49
2024-02-23-izmir-tire,56
2024-02-23-izmir-torbali,64
2024-02-23-izmir-urla,63
2024-02-23-manisa-akhisar,65
2024-02-23-manisa-alasehir,69
2024-02-23-manisa-demirci,53
2024-02-23-manisa-golmarmara,62
2024-02-23-manisa-gordes,61
2024-02-23-manisa-kirkagac,59
2024-02-23-manisa-koprubasi,58
2024-02-23-manisa-salihli,55
2024-02-23-manisa-sarigol,62
2024-02-23-manisa-saruhanli,58
2024-02-23-manisa-sehzadeler,60
2024-02-23-manisa-selendi,63
2024-02-23-manisa-soma,62
2024-02-23-manisa-turgutlu,-1
2024-02-23-manisa-yunusemre,6
2024-02-23-izmir-balcova,27
2024-02-23-izmir-beydag,35
2024-02-23-izmir-narlidere,32
2024-02-23-izmir-selcuk,45
2024-02-23-manisa-kula,40
2024-02-23-manisa-ahmetli,48
2024-02-24-izmir-aliaga,33
2024-02-24-izmir-bayindir,40
2024-02-24-izmir-bayrakli,47
2024-02-24-izmir-bergama,44
2024-02-24-izmir-bornova,48
2024-02-24-izmir-buca,50
2024-02-24-izmir-cesme,63
2024-02-24-izmir-cigli,64
2024-02-24-izmir-dikili,58
2024-02-24-izmir-foca,60
2024-02-24-izmir-gaziemir,54
2024-02-24-izmir-guzelbahce,53
2024-02-24-izmir-karabaglar,53
2024-02-24-izmir-karaburun,60
2024-02-24-izmir-karsiyaka,56
2024-02-24-izmir-kemalpasa,52
2024-02-24-izmir-kinik,63
2024-02-24-izmir-kiraz,68
2024-02-24-izmir-konak,66
2024-02-24-izmir-menderes,62
2024-02-24-izmir-menemen,64
2024-02-24-izmir-odemis,1
2024-02-24-izmir-seferihisar,8
2024-02-24-izmir-tire,24
2024-02-24-izmir-torbali,39
2024-02-24-izmir-urla,36
2024-02-24-manisa-akhisar,37
2024-02-24-manisa-alasehir,44
2024-02-24-manisa-demirci,41
2024-02-24-manisa-golmarmara,37
2024-02-24-manisa-gordes,42
2024-02-24-manisa-kirkagac,39
2024-02-24-manisa-koprubasi,53
2024-02-24-manisa-salihli,52
2024-02-24-manisa-sarigol,47
2024-02-24-manisa-saruhanli,57
2024-02-24-manisa-sehzadeler,56
2024-02-24-manisa-selendi,57
2024-02-24-manisa-soma,68
2024-02-24-manisa-turgutlu,56
2024-02-24-manisa-yunusemre,50
2024-02-24-izmir-balcova,50
2024-02-24-izmir-beydag,51
2024-02-24-izmir-narlidere,55
2024-02-24-izmir-selcuk,56
2024-02-24-manisa-kula,52
2024-02-24-manisa-ahmetli,70
2024-02-25-izmir-aliaga,65
2024-02-25-izmir-bayindir,61
2024-02-25-izmir-bayrakli,61
2024-02-25-izmir-bergama,5
2024-02-25-izmir-bornova,14
2024-02-25-izmir-buca,35
2024-02-25-izmir-cesme,46
2024-02-25-izmir-cigli,39
2024-02-25-izmir-dikili,45
2024-02-25-izmir-foca,42
2024-02-25-izmir-gaziemir,41
2024-02-25-izmir-guzelbahce,36
2024-02-25-izmir-karabaglar,36
2024-02-25-izmir-karaburun,43
2024-02-25-izmir-karsiyaka,46
2024-02-25-izmir-kemalpasa,45
2024-02-25-izmir-kinik,54
2024-02-25-izmir-kiraz,65
2024-02-25-izmir-konak,55
2024-02-25-izmir-menderes,52
2024-02-25-izmir-menemen,58
2024-02-25-izmir-odemis,51
2024-02-25-izmir-seferihisar,55
2024-02-25-izmir-tire,60
2024-02-25-izmir-torbali,59
2024-02-25-izmir-urla,54
2024-02-25-manisa-akhisar,55
2024-02-25-manisa-alasehir,64
2024-02-25-manisa-demirci,63
2024-02-25-manisa-golmarmara,60
2024-02-25-manisa-gordes,64
2024-02-25-manisa-kirkagac,55
2024-02-25-manisa-koprubasi,1
2024-02-25-manisa-salihli,6
2024-02-25-manisa-sarigol,33
2024-02-25-manisa-saruhanli,43
2024-02-25-manisa-sehzadeler,39
2024-02-25-manisa-selendi,48
2024-02-25-manisa-soma,45
2024-02-25-manisa-turgutlu,39
2024-02-25-manisa-yunusemre,38
2024-02-25-izmir-balcova,39
2024-02-25-izmir-beydag,41
2024-02-25-izmir-narlidere,51
2024-02-25-izmir-selcuk,44
2024-02-25-manisa-kula,49
2024-02-25-manisa-ahmetli,67
2024-02-26-izmir-aliaga,62
2024-02-26-izmir-bayindir,54
2024-02-26-izmir-bayrakli,59
2024-02-26-izmir-bergama,44
2024-02-26-izmir-bornova,56
2024-02-26-izmir-buca,56
2024-02-26-izmir-cesme,61
2024-02-26-izmir-cigli,59
2024-02-26-izmir-dikili,59
2024-02-26-izmir-foca,59
2024-02-26-izmir-gaziemir,68
2024-02-26-izmir-guzelbahce,56
2024-02-26-izmir-karabaglar,63
2024-02-26-izmir-karaburun,61
2024-02-26-izmir-karsiyaka,2
2024-02-26-izmir-kemalpasa,9
2024-02-26-izmir-kinik,36
2024-02-26-izmir-kiraz,51
2024-02-26-izmir-konak,35
2024-02-26-izmir-menderes,36
2024-02-26-izmir-menemen,44
2024-02-26-izmir-odemis,44
2024-02-26-izmir-seferihisar,35
2024-02-26-izmir-tire,35
2024-02-26-izmir-torbali,32
2024-02-26-izmir-urla,42
2024-02-26-manisa-akhisar,46
2024-02-26-manisa-alasehir,58
2024-02-26-manisa-demirci,68
2024-02-26-manisa-golmarmara,68
2024-02-26-manisa-gordes,65
2024-02-26-manisa-kirkagac,67
2024-02-26-manisa-koprubasi,64
2024-02-26-manisa-salihli,58
2024-02-26-manisa-sarigol,62
2024-02-26-manisa-saruhanli,59
2024-02-26-manisa-sehzadeler,54
2024-02-26-manisa-selendi,58
2024-02-26-manisa-soma,54
2024-02-26-manisa-turgutlu,59
2024-02-26-manisa-yunusemre,57
2024-02-26-izmir-balcova,64
2024-02-26-izmir-beydag,59
2024-02-26-izmir-narlidere,6
2024-02-26-izmir-selcuk,8
2024-02-26-manisa-kula,32
2024-02-26-manisa-ahmetli,44
2024-02-27-izmir-aliaga,34
2024-02-27-izmir-bayindir,35
2024-02-27-izmir-bayrakli,42
2024-02-27-izmir-bergama,37
2024-02-27-izmir-bornova,41
2024-02-27-izmir-buca,33
2024-02-27-izmir-cesme,35
2024-02-27-izmir-cigli,44
2024-02-27-izmir-dikili,46
2024-02-27-izmir-foca,56
2024-02-27-izmir-gaziemir,80
2024-02-27-izmir-guzelbahce,67
2024-02-27-izmir-karabaglar,62
2024-02-27-izmir-karaburun,69
2024-02-27-izmir-karsiyaka,62
2024-02-27-izmir-kemalpasa,57
2024-02-27-izmir-kinik,62
2024-02-27-izmir-kiraz,60
2024-02-27-izmir-konak,56
2024-02-27-izmir-menderes,53
2024-02-27-izmir-menemen,58
2024-02-27-izmir-odemis,58
2024-02-27-izmir-seferihisar,57
2024-02-27-izmir-tire,68
2024-02-27-izmir-torbali,57
2024-02-27-izmir-urla,5
2024-02-27-manisa-akhisar,8
2024-02-27-manisa-alasehir,35
2024-02-27-manisa-demirci,41
2024-02-27-manisa-golmarmara,38
2024-02-27-manisa-gordes,51
2024-02-27-manisa-kirkagac,50
2024-02-27-manisa-koprubasi,47
2024-02-27-manisa-salihli,42
2024-02-27-manisa-sarigol,40
2024-02-27-manisa-saruhanli,51
2024-02-27-manisa-sehzadeler,46
2024-02-27-manisa-selendi,52
2024-02-27-manisa-soma,54
2024-02-27-manisa-turgutlu,61
2024-02-27-manisa-yunusemre,66
2024-02-27-izmir-balcova,59
2024-02-27-izmir-beydag,69
2024-02-27-izmir-narlidere,56
2024-02-27-izmir-selcuk,49
2024-02-27-manisa-kula,57
2024-02-27-manisa-ahmetli,60
2024-02-28-izmir-aliaga,65
2024-02-28-izmir-bayindir,58
2024-02-28-izmir-bayrakli,68
2024-02-28-izmir-bergama,68
2024-02-28-izmir-bornova,66
2024-02-28-izmir-buca,69
2024-02-28-izmir-cesme,68
2024-02-28-izmir-cigli,15
2024-02-28-izmir-dikili,8
2024-02-28-izmir-foca,38
2024-02-28-izmir-gaziemir,36
2024-02-28-izmir-guzelbahce,36
2024-02-28-izmir-karabaglar,38
2024-02-28-izmir-karaburun,41
2024-02-28-izmir-karsiyaka,37
2024-02-28-izmir-kemalpasa,41
2024-02-28-izmir-kinik,33
2024-02-28-izmir-kiraz,37
2024-02-28-izmir-konak,51
2024-02-28-izmir-menderes,44
2024-02-28-izmir-menemen,58
2024-02-28-izmir-odemis,61
2024-02-28-izmir-seferihisar,59
2024-02-28-izmir-tire,59
2024-02-28-izmir-torbali,67
2024-02-28-izmir-urla,59
2024-02-28-manisa-akhisar,68
2024-02-28-manisa-alasehir,61
2024-02-28-manisa-demirci,55
2024-02-28-manisa-golmarmara,62
2024-02-28-manisa-gordes,63
2024-02-28-manisa-kirkagac,67
2024-02-28-manisa-koprubasi,69
2024-02-28-manisa-salihli,60
2024-02-28-manisa-sarigol,67
2024-02-28-manisa-saruhanli,67
2024-02-28-manisa-sehzadeler,1
2024-02-28-manisa-selendi,5
2024-02-28-manisa-soma,32
2024-02-28-manisa-turgutlu,48
2024-02-28-manisa-yunusemre,38
2024-02-28-izmir-balcova,47
2024-02-28-izmir-beydag,42
2024-02-28-izmir-narlidere,39
2024-02-28-izmir-selcuk,36
2024-02-28-manisa-kula,33
2024-02-28-manisa-ahmetli,47
2024-02-29-izmir-aliaga,46
2024-02-29-izmir-bayindir,44
2024-02-29-izmir-bayrakli,55
2024-02-29-izmir-bergama,73
2024-02-29-izmir-bornova,53
2024-02-29-izmir-buca,56
2024-02-29-izmir-cesme,62
2024-02-29-izmir-cigli,58
2024-02-29-izmir-dikili,53
2024-02-29-izmir-foca,53
2024-02-29-izmir-gaziemir,59
2024-02-29-izmir-guzelbahce,62
2024-02-29-izmir-karabaglar,56
2024-02-29-izmir-karaburun,55
2024-02-29-izmir-karsiyaka,60
2024-02-29-izmir-kemalpasa,58
2024-02-29-izmir-kinik,65
2024-02-29-izmir-kiraz,60
2024-02-29-izmir-konak,5
2024-02-29-izmir-menderes,11
2024-02-29-izmir-menemen,39
2024-02-29-izmir-odemis,44
2024-02-29-izmir-seferihisar,34
2024-02-29-izmir-tire,36
2024-02-29-izmir-torbali,42
2024-02-29-izmir-urla,38
2024-02-29-manisa-akhisar,40
2024-02-29-manisa-alasehir,37
2024-02-29-manisa-demirci,32
2024-02-29-manisa-golmarmara,43
2024-02-29-manisa-gordes,47
2024-02-29-manisa-kirkagac,58
2024-02-29-manisa-koprubasi,80
2024-02-29-manisa-salihli,67
2024-02-29-manisa-sarigol,70
2024-02-29-manisa-saruhanli,71
2024-02-29-manisa-sehzadeler,64
2024-02-29-manisa-selendi,60
2024-02-29-manisa-soma,58
2024-02-29-manisa-turgutlu,57
2024-02-29-manisa-yunusemre,53
2024-02-29-izmir-balcova,50
2024-02-29-izmir-beydag,54
2024-02-29-izmir-narlidere,61
2024-02-29-izmir-selcuk,58
2024-02-29-manisa-kula,68
2024-02-29-manisa-ahmetli,59
